Title,Link,Tag
https://www.youtube.com/watch?v=Ul7uGql3aN0,342. Power of Four || leetcode || easy problem || c++ solution with explanation,math |bit-manipulation |recursion |
https://www.youtube.com/watch?v=BaGKt0QXqVU,476. Number Complement || leetcode || easy question || c++ solution with explanation,bit-manipulation |
https://www.youtube.com/watch?v=O8Wh0nFyXGo,1365. How Many Numbers Are Smaller Than the Current Number || leetcode || easy prob || c++ solution,array |hash-table |sorting |counting |
https://www.youtube.com/watch?v=YZAu943vTwY,1304. Find N Unique Integers Sum up to Zero || leetcode || easy question || array || c++ solution,array |math |
https://www.youtube.com/watch?v=cGAXF_ZumCk,1207. Unique Number of Occurrences || leetcode || easy problem|| c++ solution with explanation,array |hash-table |
https://www.youtube.com/watch?v=F_peoPLZ1jc,867. Transpose Matrix || leetcode || easy solution || matrix || c++ solution with explaination,array |matrix |simulation |
https://www.youtube.com/watch?v=8_1nCSy4BjM,832. Flipping an Image || leetcode || easy problem || logical || c++ solution with explanation,array |two-pointers |matrix |simulation |
https://www.youtube.com/watch?v=Kyd4c4FjW1w,771. Jewels and Stones || leetcode || easy problem || string || hashing || c++ solution,hash-table |string |
https://www.youtube.com/watch?v=J1lyyaG9m7E,500. Keyboard Row || leetcode || easy question || logical question,array |hash-table |string |
https://www.youtube.com/watch?v=ino2iozfPQM,230. Kth Smallest Element in a BST || leetcode || medium question || c++,tree |depth-first-search |binary-search-tree |binary-tree |
https://www.youtube.com/watch?v=70hfPvSfzA4,347. Top K Frequent Elements || leetcode || medium question || c++,array |hash-table |divide-and-conquer |sorting |heap-priority-queue |bucket-sort |counting |quickselect |
https://www.youtube.com/watch?v=Uch00ZGPdG8,384. Shuffle an Array || leetcode || medium question || c++,array |math |randomized |
https://www.youtube.com/watch?v=JV2x41rSVAI,1329. Sort the Matrix Diagonally || biweekly-contest-18 || leetcode || medium problem || c++,
https://www.youtube.com/watch?v=pLzb27cOpuM,1328. Break a Palindrome || biweekly-contest-18 || leetcode || medium question|| c++,
https://www.youtube.com/watch?v=NvJoprt7tF8,1331. Rank Transform of an Array || biweekly-contest-18 || leetcode || easy question || c++,
https://www.youtube.com/watch?v=hjDLgcOuk_w,1318. Minimum Flips to Make a OR b Equal to c || leetcode || medium problem || c++,bit-manipulation |
https://www.youtube.com/watch?v=lH-3Mcwf48w,231. Power of Two || leetcode || easy problem || c++ solution with explanation,math |bit-manipulation |recursion |
https://www.youtube.com/watch?v=_1-tABXtGX4,451. Sort Characters By Frequency || leetcode || medium question || c++ solution with explanation,hash-table |string |sorting |heap-priority-queue |bucket-sort |counting |
https://www.youtube.com/watch?v=QJVpQ8ZYD6I,633. Sum of Square Numbers || leetcode || easy question || c++ solution with explanation,math |two-pointers |binary-search |
https://www.youtube.com/watch?v=NGQy5kglpNE,1037. Valid Boomerang || leetcode || easy question || c++ solution with explanation,array |math |geometry |
https://www.youtube.com/watch?v=nWDSb1lmXk0,508. Most Frequent Subtree Sum || leetcode || medium question || c++ solution and explanation,hash-table |tree |depth-first-search |binary-tree |
https://www.youtube.com/watch?v=gB91SgAdmCg,60. Permutation Sequence || leetcode || medium question || c++ solution and explanation,math |recursion |
https://www.youtube.com/watch?v=Ch_3xAzxSYo,1374. Generate a String With Characters That Have Odd Counts || Leetcode weekly contest 179,string |
https://www.youtube.com/watch?v=MXHvUtuMAPM,1375. Bulb Switcher III || leetcode || leetcode weekly 179 || c++ solution,array |
https://www.youtube.com/watch?v=uZCk2OF2f8c,1380. Lucky Numbers in a Matrix | LEETCODE | WEEKLY CONTEST 180 | C++ SOLUTION | EASY PROBLEM,array |matrix |
https://www.youtube.com/watch?v=mW1-hkW-wLM,1317. Convert Integer to the Sum of Two No-Zero Integers || leetcode || easy question || c++,math |
https://www.youtube.com/watch?v=0EcX_M646XU,Private video,
https://www.youtube.com/watch?v=KjOItwwcHZw,1299. Replace Elements with Greatest Element on Right Side || easy question || c++ solution,array |
https://www.youtube.com/watch?v=JGrd-wOxhjo,Decompress Run-Length Encoded List || Leetoced 131 || Biweekly contest 17 || easy question,
https://www.youtube.com/watch?v=sLgrWTOQSGs,leetcode 1325 || leetcode contest 172 || Delete Leaves With a Given Value || Medium question || C++,
https://www.youtube.com/watch?v=gu_fYCFS47E,leetcode 1324 || Weekly Contest 172 || Print Words Vertically || Medium question || latest question,
https://www.youtube.com/watch?v=RDxtuE8Nhgs,leetcode 1323 || Weekly Contest 172 || Maximum 69 Number || Easy question || latest question,
https://www.youtube.com/watch?v=nYoxPNCTDQA,136. Single Number || leetcode || code explanation || top 100 questions,
https://www.youtube.com/watch?v=Z3pawlBj8Zo,557. Reverse Words in a String III || Leetcode || easy explanation,
https://www.youtube.com/watch?v=eHtltHBn-Z0,Counting Elements || leetcode challenge #30 day challenge solution || #day7 || c++ solution,
https://www.youtube.com/watch?v=q9u_KFBp2E8,Increasing Order Search Tree || leetcode 897 || c++ solution || with explanation,stack |tree |depth-first-search |binary-search-tree |binary-tree |
https://www.youtube.com/watch?v=IyIbk0FknME,Middle of the Linked List || Leetcode Challange #30DayChallenge || #day8 || c++ solution,
https://www.youtube.com/watch?v=w2zVl5YyspI,Lemonade Change || leetcode 860 || leetcode easy || greedy solution || c++ code,array |greedy |
https://www.youtube.com/watch?v=w5AkvQrRGyc,Two City Scheduling || leetcode 1029 || greedy solution || c++ solution,array |greedy |sorting |
https://www.youtube.com/watch?v=l_KEefTQsrQ,Split a String in Balanced Strings || leetcode 1221 || greedy solution || c++ solution,string |greedy |counting |
https://www.youtube.com/watch?v=cKA69sYP0Ps,Min Stack || 30-Day LeetCoding Challenge || leetcode || c++ solution,
https://www.youtube.com/watch?v=w3mCdRG6Cos,Last Stone Weight || 30-Day LeetCoding Challenge || leetcode || c++ solution,
https://www.youtube.com/watch?v=b_tDSWFSed4,Contiguous Array || 30-Day LeetCoding Challenge || leetcode || c++ solution,
https://www.youtube.com/watch?v=qtOh7msCQQU,111. Minimum Depth of Binary Tree || leetcode easy || c++ solution || AMAZON INTERVIEW QUESTION,tree |depth-first-search |breadth-first-search |binary-tree |
https://www.youtube.com/watch?v=OxL8f-8p2G4,104. Maximum Depth of Binary Tree || leetcode easy || c++ solution || AMAZON INTERVIEW PROBLEM,tree |depth-first-search |breadth-first-search |binary-tree |
https://www.youtube.com/watch?v=p5nAVNxrjMg,Search in Rotated Sorted Array || leetcode challenge|| c++ solution,
https://www.youtube.com/watch?v=JzPJ672BWpE,Number of Islands || leetcode challenge || c++ solution,
https://www.youtube.com/watch?v=cJXG7jP_8yI,Minimum Path Sum || leetcode challenge || c++ solution,
https://www.youtube.com/watch?v=-pMh9xlJmoc,Reformat The String || Weekly Contest 185 || leetcode 1417. || c++ solution,
https://www.youtube.com/watch?v=5ksoFqFv1WU,Display Table of Food Orders in a Restaurant || Weekly Contest 185 || leetcode 1418 || c++ solution,
https://www.youtube.com/watch?v=ZePHjSG33Hc,Minimum Number of Frogs Croaking || Weekly Contest 185 || leetcode 1419 || c++ solution,
https://www.youtube.com/watch?v=cRbU6WpG4VA,Construct String from Binary Tree || leetcode 606 || easy problem || c++ solution,string |tree |depth-first-search |binary-tree |
https://www.youtube.com/watch?v=N5P0YFtzVko,Construct Binary Search Tree from Preorder Traversal || Leetcode challenge || c++ solution,
https://www.youtube.com/watch?v=jbjjhJu-k0o,Subarray Sum Equals K || 30-Day LeetCoding Challenge || c++ solution,
https://www.youtube.com/watch?v=LCufB7CqE9E,Perfect Squares || Leetcode 279 || leetcode medium || interview problem || c++ solution,math |dynamic-programming |breadth-first-search |
https://www.youtube.com/watch?v=tEj3GJTrqd8,Search a 2D Matrix II || leetcode 240 || leetcode medium || interview problem || c++ solution,array |binary-search |divide-and-conquer |matrix |
https://www.youtube.com/watch?v=fRcKOM4Iqe8,Sort Colors || leetcode 75 || leetcode medium || interview problem || c++ solution,array |two-pointers |sorting |
https://www.youtube.com/watch?v=keE2TutTbS8,Longest Valid Parentheses (stack version)|| leetcode 32 || leetcode hard || c++ solution,string |dynamic-programming |stack |
https://www.youtube.com/watch?v=RjR8ul5hooo,Bitwise AND of Numbers Range || leetcode challenge || c++ solution,
https://www.youtube.com/watch?v=W36Kd71Y4vs,Escape The Ghosts || leetcode 789 || leetcode medium || c++ solution,array |math |
https://www.youtube.com/watch?v=z49QRAfxq-Q,462. Minimum Moves to Equal Array Elements II || leetcode medium || c++ solution,array |math |sorting |
https://www.youtube.com/watch?v=6QdsVFzqZNA,Jump Game || 30-Day LeetCoding Challenge || [ C++ SOLUTION],
https://www.youtube.com/watch?v=b4deFnO3Lqc,Longest Common Subsequence || 30-Day LeetCoding Challenge || [C++ SOLUTION ],
https://www.youtube.com/watch?v=9OfmzsSZnP0,Maximum Score After Splitting a String || leetcode 1422 || leetcode weekly 186 || [C++ SOLUTION],
https://www.youtube.com/watch?v=OGVET7p3Bow,Maximum Points You Can Obtain from Cards || leetcode 1423 || leetcode weekly contest 186,
https://www.youtube.com/watch?v=6t82AO15Pgk,Diagonal Traverse II || leetcode 1424 || leetcode weekly contest 186 || [ C++ SOLUTION ],
https://www.youtube.com/watch?v=F0lidQ9xSnU,Maximal Square || 30-Day LeetCoding Challenge || [ C++ SOLUTION ],
https://www.youtube.com/watch?v=JLZWLBNCbts,First Unique Number || 30-Day LeetCoding Challenge || [C++ SOLUTION],
https://www.youtube.com/watch?v=JLZWLBNCbts,First Unique Number || 30-Day LeetCoding Challenge || [C++ SOLUTION],
https://www.youtube.com/watch?v=FUJTS-Y31_k,Binary Tree Maximum Path Sum || 30-Day LeetCoding Challenge || [C++ SOLUTION],
https://www.youtube.com/watch?v=FUJTS-Y31_k,Binary Tree Maximum Path Sum || 30-Day LeetCoding Challenge || [C++ SOLUTION],
https://www.youtube.com/watch?v=j0KO_INXbMA,1403. Minimum Subsequence in Non-Increasing Order || leetcode weekly-contest-183 || [C++ SOLUTION],
https://www.youtube.com/watch?v=j0KO_INXbMA,1403. Minimum Subsequence in Non-Increasing Order || leetcode weekly-contest-183 || [C++ SOLUTION],
https://www.youtube.com/watch?v=j0KO_INXbMA,1403. Minimum Subsequence in Non-Increasing Order || leetcode weekly-contest-183 || [C++ SOLUTION],
https://www.youtube.com/watch?v=1viQQvE5AVg,1404. Number of Steps to Reduce a Number in Binary Representation to One || weekly contest 183,
https://www.youtube.com/watch?v=1viQQvE5AVg,1404. Number of Steps to Reduce a Number in Binary Representation to One || weekly contest 183,
https://www.youtube.com/watch?v=gvn9XXohe5s,1394. Find Lucky Integer in an Array || weekly-contest-182 || [C++ SOLUTION],
https://www.youtube.com/watch?v=gvn9XXohe5s,1394. Find Lucky Integer in an Array || weekly-contest-182 || [C++ SOLUTION],
https://www.youtube.com/watch?v=4F0AgAMhAUA,1395. Count Number of Teams || weekly-contest-182 || [ C++ SOLUTION ],
https://www.youtube.com/watch?v=4F0AgAMhAUA,1395. Count Number of Teams || weekly-contest-182 || [ C++ SOLUTION ],
https://www.youtube.com/watch?v=Ej9drsbLTtA,Check If a String Is a Valid Sequence from Root to Leaves Path in a Binary Tree || 30-Day Challenge,
https://www.youtube.com/watch?v=Ej9drsbLTtA,Check If a String Is a Valid Sequence from Root to Leaves Path in a Binary Tree || 30-Day Challenge,
https://www.youtube.com/watch?v=Ej9drsbLTtA,Check If a String Is a Valid Sequence from Root to Leaves Path in a Binary Tree || 30-Day Challenge,
https://www.youtube.com/watch?v=Ej9drsbLTtA,Check If a String Is a Valid Sequence from Root to Leaves Path in a Binary Tree || 30-Day Challenge,
https://www.youtube.com/watch?v=V2SliJTHGQE,1250. Check If It Is a Good Array || leetcode HARD || [ C++ SOLUTION ],array |math |number-theory |
https://www.youtube.com/watch?v=V2SliJTHGQE,1250. Check If It Is a Good Array || leetcode HARD || [ C++ SOLUTION ],array |math |number-theory |
https://www.youtube.com/watch?v=V8Q6N-CB2Ww,First Bad Version || May LeetCoding Challenge || [ C++ SOLUTION ],
https://www.youtube.com/watch?v=V8Q6N-CB2Ww,First Bad Version || May LeetCoding Challenge || [ C++ SOLUTION ],
https://www.youtube.com/watch?v=gZwSqZWGDmA,Jewels and stones || May LeetCoding Challenge || [ C++ SOLUTION],
https://www.youtube.com/watch?v=gZwSqZWGDmA,Jewels and stones || May LeetCoding Challenge || [ C++ SOLUTION],
https://www.youtube.com/watch?v=KWZojFRw48k,Ransom Note || May LeetCoding Challenge || [ C++ SOLUTION ],
https://www.youtube.com/watch?v=KWZojFRw48k,Ransom Note || May LeetCoding Challenge || [ C++ SOLUTION ],
https://www.youtube.com/watch?v=OSPS0SH7YRY,Number Complement || May LeetCoding Challenge || [ C++ SOLUTION ],
https://www.youtube.com/watch?v=OSPS0SH7YRY,Number Complement || May LeetCoding Challenge || [ C++ SOLUTION ],
https://www.youtube.com/watch?v=pVsOnwPo6kk,First Unique Character in a String || May LeetCoding Challenge || [ C++ SOLUTION ],
https://www.youtube.com/watch?v=pVsOnwPo6kk,First Unique Character in a String || May LeetCoding Challenge || [ C++ SOLUTION ],
https://www.youtube.com/watch?v=xcjxhMc8QMQ,Majority Element(Boyer-Moore Voting Algorithm) || May LeetCoding Challenge || [ C++ SOLUTION ],
https://www.youtube.com/watch?v=xcjxhMc8QMQ,Majority Element(Boyer-Moore Voting Algorithm) || May LeetCoding Challenge || [ C++ SOLUTION ],
https://www.youtube.com/watch?v=Y-V3n9LHUk0,Cousins in Binary Tree || May LeetCoding Challenge || [ C++ SOLUTION ],
https://www.youtube.com/watch?v=Y-V3n9LHUk0,Cousins in Binary Tree || May LeetCoding Challenge || [ C++ SOLUTION ],
https://www.youtube.com/watch?v=XTQTQPRP24I,Check If It Is a Straight Line || May LeetCoding Challenge || [ C++ SOLUTION ],
https://www.youtube.com/watch?v=XTQTQPRP24I,Check If It Is a Straight Line || May LeetCoding Challenge || [ C++ SOLUTION ],
https://www.youtube.com/watch?v=zBJItUjd4js,Valid Perfect Square || May LeetCoding Challenge || [ C++ SOLUTION ],
https://www.youtube.com/watch?v=zBJItUjd4js,Valid Perfect Square || May LeetCoding Challenge || [ C++ SOLUTION ],
https://www.youtube.com/watch?v=zBJItUjd4js,Valid Perfect Square || May LeetCoding Challenge || [ C++ SOLUTION ],
https://www.youtube.com/watch?v=zBJItUjd4js,Valid Perfect Square || May LeetCoding Challenge || [ C++ SOLUTION ],
https://www.youtube.com/watch?v=zBJItUjd4js,Valid Perfect Square || May LeetCoding Challenge || [ C++ SOLUTION ],
https://www.youtube.com/watch?v=zBJItUjd4js,Valid Perfect Square || May LeetCoding Challenge || [ C++ SOLUTION ],
https://www.youtube.com/watch?v=zBJItUjd4js,Valid Perfect Square || May LeetCoding Challenge || [ C++ SOLUTION ],
https://www.youtube.com/watch?v=C-k3psD-agA,Find the Town Judge || May LeetCoding Challenge || [ C++ SOLUTION ],
https://www.youtube.com/watch?v=C-k3psD-agA,Find the Town Judge || May LeetCoding Challenge || [ C++ SOLUTION ],
https://www.youtube.com/watch?v=uaAK6FuKs8w,Flood Fill || May LeetCoding Challenge || [ C++ SOLUTION ],
https://www.youtube.com/watch?v=uaAK6FuKs8w,Flood Fill || May LeetCoding Challenge || [ C++ SOLUTION ],
https://www.youtube.com/watch?v=uaAK6FuKs8w,Flood Fill || May LeetCoding Challenge || [ C++ SOLUTION ],
https://www.youtube.com/watch?v=-WPBj3Jw0xA,1442. Count Triplets That Can Form Two Arrays of Equal XOR || Leetcode weekly contest 188 || C++ sol,
https://www.youtube.com/watch?v=-WPBj3Jw0xA,1442. Count Triplets That Can Form Two Arrays of Equal XOR || Leetcode weekly contest 188 || C++ sol,
https://www.youtube.com/watch?v=2ie1esMzUdc,1441. Build an Array With Stack Operations || Leetcode weekly contest 188 || [ C++ SOLUTION ],
https://www.youtube.com/watch?v=2ie1esMzUdc,1441. Build an Array With Stack Operations || Leetcode weekly contest 188 || [ C++ SOLUTION ],
https://www.youtube.com/watch?v=j3fJD5OZaek,1443. Minimum Time to Collect All Apples in a Tree || Leetcode weekly contest 188 || [C++ SOLUTION],
https://www.youtube.com/watch?v=j3fJD5OZaek,1443. Minimum Time to Collect All Apples in a Tree || Leetcode weekly contest 188 || [C++ SOLUTION],
https://www.youtube.com/watch?v=o6nPTWVTgoA,797. All Paths From Source to Target || C++ SOLUTION,backtracking |depth-first-search |breadth-first-search |graph |
https://www.youtube.com/watch?v=o6nPTWVTgoA,797. All Paths From Source to Target || C++ SOLUTION,backtracking |depth-first-search |breadth-first-search |graph |
https://www.youtube.com/watch?v=XjC4pQrMIME,Remove K Digits || May LeetCoding Challenge || [ C++ SOLUTION ],
https://www.youtube.com/watch?v=XjC4pQrMIME,Remove K Digits || May LeetCoding Challenge || [ C++ SOLUTION ],
https://www.youtube.com/watch?v=RvUzKn8s7WY,Implement Trie Prefix Tree || May LeetCoding Challenge || Interview problem,
https://www.youtube.com/watch?v=RvUzKn8s7WY,Implement Trie Prefix Tree || May LeetCoding Challenge || Interview problem,
https://www.youtube.com/watch?v=C4G8m3vvWFA,Maximum Sum Circular Subarray || May LeetCoding Challenge || [ C++ SOLUTION ],
https://www.youtube.com/watch?v=C4G8m3vvWFA,Maximum Sum Circular Subarray || May LeetCoding Challenge || [ C++ SOLUTION ],
https://www.youtube.com/watch?v=C4G8m3vvWFA,Maximum Sum Circular Subarray || May LeetCoding Challenge || [ C++ SOLUTION ],
https://www.youtube.com/watch?v=C4G8m3vvWFA,Maximum Sum Circular Subarray || May LeetCoding Challenge || [ C++ SOLUTION ],
https://www.youtube.com/watch?v=C4G8m3vvWFA,Maximum Sum Circular Subarray || May LeetCoding Challenge || [ C++ SOLUTION ],
https://www.youtube.com/watch?v=C4G8m3vvWFA,Maximum Sum Circular Subarray || May LeetCoding Challenge || [ C++ SOLUTION ],
https://www.youtube.com/watch?v=C4G8m3vvWFA,Maximum Sum Circular Subarray || May LeetCoding Challenge || [ C++ SOLUTION ],
https://www.youtube.com/watch?v=C4G8m3vvWFA,Maximum Sum Circular Subarray || May LeetCoding Challenge || [ C++ SOLUTION ],
https://www.youtube.com/watch?v=C4G8m3vvWFA,Maximum Sum Circular Subarray || May LeetCoding Challenge || [ C++ SOLUTION ],
https://www.youtube.com/watch?v=C4G8m3vvWFA,Maximum Sum Circular Subarray || May LeetCoding Challenge || [ C++ SOLUTION ],
https://www.youtube.com/watch?v=C4G8m3vvWFA,Maximum Sum Circular Subarray || May LeetCoding Challenge || [ C++ SOLUTION ],
https://www.youtube.com/watch?v=WHHi5KX3Flo,Find All Anagrams in a String || May leetcoding challenge || [ C++ SOLUTION ],
https://www.youtube.com/watch?v=WHHi5KX3Flo,Find All Anagrams in a String || May leetcoding challenge || [ C++ SOLUTION ],
https://www.youtube.com/watch?v=-CXkO0GL5MU,Online Stock Span || May LeetCoding Challenge || [ C++ SOLUTION ],
https://www.youtube.com/watch?v=-CXkO0GL5MU,Online Stock Span || May LeetCoding Challenge || [ C++ SOLUTION ],
https://www.youtube.com/watch?v=FDF0rhlU6TE,207 Course Schedule || LEETCODE || TOPOLOGICAL SORTING WITH CODE || competitive programming,depth-first-search |breadth-first-search |graph |topological-sort |
https://www.youtube.com/watch?v=FDF0rhlU6TE,207 Course Schedule || LEETCODE || TOPOLOGICAL SORTING WITH CODE || competitive programming,depth-first-search |breadth-first-search |graph |topological-sort |
https://www.youtube.com/watch?v=6pE9tW_mwvs,128 Longest Consecutive Sequence || Leetcode || Coding Interview problem || C++ SOLUTION,array |hash-table |union-find |
https://www.youtube.com/watch?v=6pE9tW_mwvs,128 Longest Consecutive Sequence || Leetcode || Coding Interview problem || C++ SOLUTION,array |hash-table |union-find |
https://www.youtube.com/watch?v=IMmz_nQTN9k,295 Find Median from Data Stream || LEETCODE || C++ SOLUTION,two-pointers |design |sorting |heap-priority-queue |data-stream |
https://www.youtube.com/watch?v=IMmz_nQTN9k,295 Find Median from Data Stream || LEETCODE || C++ SOLUTION,two-pointers |design |sorting |heap-priority-queue |data-stream |
https://www.youtube.com/watch?v=IMmz_nQTN9k,295 Find Median from Data Stream || LEETCODE || C++ SOLUTION,two-pointers |design |sorting |heap-priority-queue |data-stream |
https://www.youtube.com/watch?v=ZlYqpsIHiD4,1446 Consecutive Characters || Biweekly Contest 26 || LEETCODE || C++ SOLUTION,
https://www.youtube.com/watch?v=ZlYqpsIHiD4,1446 Consecutive Characters || Biweekly Contest 26 || LEETCODE || C++ SOLUTION,
https://www.youtube.com/watch?v=ZlYqpsIHiD4,1446 Consecutive Characters || Biweekly Contest 26 || LEETCODE || C++ SOLUTION,
https://www.youtube.com/watch?v=ZlYqpsIHiD4,1446 Consecutive Characters || Biweekly Contest 26 || LEETCODE || C++ SOLUTION,
https://www.youtube.com/watch?v=ZlYqpsIHiD4,1446 Consecutive Characters || Biweekly Contest 26 || LEETCODE || C++ SOLUTION,
https://www.youtube.com/watch?v=ZlYqpsIHiD4,1446 Consecutive Characters || Biweekly Contest 26 || LEETCODE || C++ SOLUTION,
https://www.youtube.com/watch?v=ZlYqpsIHiD4,1446 Consecutive Characters || Biweekly Contest 26 || LEETCODE || C++ SOLUTION,
https://www.youtube.com/watch?v=ZlYqpsIHiD4,1446 Consecutive Characters || Biweekly Contest 26 || LEETCODE || C++ SOLUTION,
https://www.youtube.com/watch?v=ZlYqpsIHiD4,1446 Consecutive Characters || Biweekly Contest 26 || LEETCODE || C++ SOLUTION,
https://www.youtube.com/watch?v=ZlYqpsIHiD4,1446 Consecutive Characters || Biweekly Contest 26 || LEETCODE || C++ SOLUTION,
https://www.youtube.com/watch?v=ZlYqpsIHiD4,1446 Consecutive Characters || Biweekly Contest 26 || LEETCODE || C++ SOLUTION,
https://www.youtube.com/watch?v=ZlYqpsIHiD4,1446 Consecutive Characters || Biweekly Contest 26 || LEETCODE || C++ SOLUTION,
https://www.youtube.com/watch?v=ZlYqpsIHiD4,1446 Consecutive Characters || Biweekly Contest 26 || LEETCODE || C++ SOLUTION,
https://www.youtube.com/watch?v=j8n4bTyZlNw,1447 Simplified Fractions || Biweekly Contest 26 || LEETCODE || C++ SOLUTION,
https://www.youtube.com/watch?v=j8n4bTyZlNw,1447 Simplified Fractions || Biweekly Contest 26 || LEETCODE || C++ SOLUTION,
https://www.youtube.com/watch?v=fjiEjnTRPfA,1448 Count Good Nodes in Binary Tree || Biweekly Contest 26 || LEETCODE || C++ SOLUTION,
https://www.youtube.com/watch?v=fjiEjnTRPfA,1448 Count Good Nodes in Binary Tree || Biweekly Contest 26 || LEETCODE || C++ SOLUTION,
https://www.youtube.com/watch?v=wq7IQDaqhFs,1450 Number of Students Doing Homework at a Given Time || Weekly Contest 189 || LEETCODE,
https://www.youtube.com/watch?v=wq7IQDaqhFs,1450 Number of Students Doing Homework at a Given Time || Weekly Contest 189 || LEETCODE,
https://www.youtube.com/watch?v=2T7nmKgTRik,1451 Rearrange Words in a Sentence || Weekly Contest 189 || LEETCODE,
https://www.youtube.com/watch?v=2T7nmKgTRik,1451 Rearrange Words in a Sentence || Weekly Contest 189 || LEETCODE,
https://www.youtube.com/watch?v=2T7nmKgTRik,1451 Rearrange Words in a Sentence || Weekly Contest 189 || LEETCODE,
https://www.youtube.com/watch?v=yHtd08A2-gQ,1452 People Whose List of Favorite Companies Is Not a Subset of Another List || Weekly Contest 189,
https://www.youtube.com/watch?v=yHtd08A2-gQ,1452 People Whose List of Favorite Companies Is Not a Subset of Another List || Weekly Contest 189,
https://www.youtube.com/watch?v=7BNNYsw6tD8,"Biweekly Contest 23 || PROBLEM A,B,C,D || LEETCODE || C++ SOLUTION",
https://www.youtube.com/watch?v=7BNNYsw6tD8,"Biweekly Contest 23 || PROBLEM A,B,C,D || LEETCODE || C++ SOLUTION",
https://www.youtube.com/watch?v=Uq2hwd87l20,"Weekly Contest 190 || PROBLEM A,B,C || LEETCODE || C++ SOLUTION",
https://www.youtube.com/watch?v=Uq2hwd87l20,"Weekly Contest 190 || PROBLEM A,B,C || LEETCODE || C++ SOLUTION",
https://www.youtube.com/watch?v=naFIqkyvQBs,Max Dot Product of Two Subsequences || Weekly Contest 190 || C++ SOLUTION,
https://www.youtube.com/watch?v=naFIqkyvQBs,Max Dot Product of Two Subsequences || Weekly Contest 190 || C++ SOLUTION,
https://www.youtube.com/watch?v=v4RTgRWA27k,Weekly Contest 191 || Problem 1464 || Problem 1465 || C++ SOLUTION,
https://www.youtube.com/watch?v=cU47iO_Q70g,1466. Reorder Routes to Make All Paths Lead to the City Zero || Weekly contest 191 || C++ SOLUTION,
https://www.youtube.com/watch?v=yYqShJj-ydA,"House robber I , II , III // Leetcode // dynamic programming // c++ solution",
https://www.youtube.com/watch?v=yYqShJj-ydA,"House robber I , II , III // Leetcode // dynamic programming // c++ solution",
https://www.youtube.com/watch?v=yYqShJj-ydA,"House robber I , II , III // Leetcode // dynamic programming // c++ solution",
https://www.youtube.com/watch?v=yYqShJj-ydA,"House robber I , II , III // Leetcode // dynamic programming // c++ solution",
https://www.youtube.com/watch?v=1HEWeW5swDA,130 .Surrounded Regions || 1020. Number of Enclaves || Leetcode || C++ SOLUTION,array |depth-first-search |breadth-first-search |union-find |matrix |
https://www.youtube.com/watch?v=1HEWeW5swDA,130 .Surrounded Regions || 1020. Number of Enclaves || Leetcode || C++ SOLUTION,array |depth-first-search |breadth-first-search |union-find |matrix |
https://www.youtube.com/watch?v=Y4M2QMMwmKE,881. Boats to Save People || 948. Bag of Tokens || 2 pointers || Sorting || C++ SOLUTION,array |two-pointers |greedy |sorting |
https://www.youtube.com/watch?v=Y4M2QMMwmKE,881. Boats to Save People || 948. Bag of Tokens || 2 pointers || Sorting || C++ SOLUTION,array |two-pointers |greedy |sorting |
https://www.youtube.com/watch?v=TmEUBILL8fg,406 Queue Reconstruction by Height || LEETCODE || JUNE CHALLENGE,array |greedy |binary-indexed-tree |segment-tree |sorting |
https://www.youtube.com/watch?v=TmEUBILL8fg,406 Queue Reconstruction by Height || LEETCODE || JUNE CHALLENGE,array |greedy |binary-indexed-tree |segment-tree |sorting |
https://www.youtube.com/watch?v=TmEUBILL8fg,406 Queue Reconstruction by Height || LEETCODE || JUNE CHALLENGE,array |greedy |binary-indexed-tree |segment-tree |sorting |
https://www.youtube.com/watch?v=TmEUBILL8fg,406 Queue Reconstruction by Height || LEETCODE || JUNE CHALLENGE,array |greedy |binary-indexed-tree |segment-tree |sorting |
https://www.youtube.com/watch?v=TmEUBILL8fg,406 Queue Reconstruction by Height || LEETCODE || JUNE CHALLENGE,array |greedy |binary-indexed-tree |segment-tree |sorting |
https://www.youtube.com/watch?v=TmEUBILL8fg,406 Queue Reconstruction by Height || LEETCODE || JUNE CHALLENGE,array |greedy |binary-indexed-tree |segment-tree |sorting |
https://www.youtube.com/watch?v=TmEUBILL8fg,406 Queue Reconstruction by Height || LEETCODE || JUNE CHALLENGE,array |greedy |binary-indexed-tree |segment-tree |sorting |
https://www.youtube.com/watch?v=TmEUBILL8fg,406 Queue Reconstruction by Height || LEETCODE || JUNE CHALLENGE,array |greedy |binary-indexed-tree |segment-tree |sorting |
https://www.youtube.com/watch?v=6IA4ZN1PCzs,"Weekly Contest 192 || Problem A, B, C || Leetcode || C++ SOLUTION",
https://www.youtube.com/watch?v=6IA4ZN1PCzs,"Weekly Contest 192 || Problem A, B, C || Leetcode || C++ SOLUTION",
https://www.youtube.com/watch?v=ZsNlLx9oixk,"Biweekly Contest 28 || LEETCODE 1475, 1476, 1477 || C++ SOLUTION",
https://www.youtube.com/watch?v=ZsNlLx9oixk,"Biweekly Contest 28 || LEETCODE 1475, 1476, 1477 || C++ SOLUTION",
https://www.youtube.com/watch?v=4svj-gcX1d8,"Weekly Contest 193 || LEETCODE 5453 , 5454 , 5455 || LEETCODE || C++ SOLUTION",
https://www.youtube.com/watch?v=4svj-gcX1d8,"Weekly Contest 193 || LEETCODE 5453 , 5454 , 5455 || LEETCODE || C++ SOLUTION",
https://www.youtube.com/watch?v=4svj-gcX1d8,"Weekly Contest 193 || LEETCODE 5453 , 5454 , 5455 || LEETCODE || C++ SOLUTION",
https://www.youtube.com/watch?v=4svj-gcX1d8,"Weekly Contest 193 || LEETCODE 5453 , 5454 , 5455 || LEETCODE || C++ SOLUTION",
https://www.youtube.com/watch?v=4tP4qfQxBkk,"Weekly Contest 194 || PROBLEM 1486 , 1487 , 1488 || LEETCODE",
https://www.youtube.com/watch?v=4tP4qfQxBkk,"Weekly Contest 194 || PROBLEM 1486 , 1487 , 1488 || LEETCODE",
https://www.youtube.com/watch?v=4tP4qfQxBkk,"Weekly Contest 194 || PROBLEM 1486 , 1487 , 1488 || LEETCODE",
https://www.youtube.com/watch?v=4tP4qfQxBkk,"Weekly Contest 194 || PROBLEM 1486 , 1487 , 1488 || LEETCODE",
https://www.youtube.com/watch?v=yw5kKME7sxk,Set Matrix Zeroes || LEETCODE 73 || INTERVIEW PROBLEM || C++ SOLUTION,array |hash-table |matrix |
https://www.youtube.com/watch?v=tW9m1FgFE-Q,"Leetcode weekly contest 195 || Problem 1496 , 1497 , 1498 || LEETCODE",
https://www.youtube.com/watch?v=tW9m1FgFE-Q,"Leetcode weekly contest 195 || Problem 1496 , 1497 , 1498 || LEETCODE",
https://www.youtube.com/watch?v=dRci-S3u8EA,Binary Tree Level Order Traversal II || Interview Problem || LEETCODE,tree |breadth-first-search |binary-tree |
https://www.youtube.com/watch?v=dRci-S3u8EA,Binary Tree Level Order Traversal II || Interview Problem || LEETCODE,tree |breadth-first-search |binary-tree |
https://www.youtube.com/watch?v=dRci-S3u8EA,Binary Tree Level Order Traversal II || Interview Problem || LEETCODE,tree |breadth-first-search |binary-tree |
https://www.youtube.com/watch?v=dRci-S3u8EA,Binary Tree Level Order Traversal II || Interview Problem || LEETCODE,tree |breadth-first-search |binary-tree |
https://www.youtube.com/watch?v=dRci-S3u8EA,Binary Tree Level Order Traversal II || Interview Problem || LEETCODE,tree |breadth-first-search |binary-tree |
https://www.youtube.com/watch?v=7K9XW8KpHP0,Time Needed to Inform All Employees || Interview Problem || LEETCODE,tree |depth-first-search |breadth-first-search |
https://www.youtube.com/watch?v=7K9XW8KpHP0,Time Needed to Inform All Employees || Interview Problem || LEETCODE,tree |depth-first-search |breadth-first-search |
https://www.youtube.com/watch?v=ytdsNg5G668,Binary Tree Right Side View || Binary Tree Left Side view || With code || Interview Problem,tree |depth-first-search |breadth-first-search |binary-tree |
https://www.youtube.com/watch?v=ytdsNg5G668,Binary Tree Right Side View || Binary Tree Left Side view || With code || Interview Problem,tree |depth-first-search |breadth-first-search |binary-tree |
https://www.youtube.com/watch?v=ytdsNg5G668,Binary Tree Right Side View || Binary Tree Left Side view || With code || Interview Problem,tree |depth-first-search |breadth-first-search |binary-tree |
https://www.youtube.com/watch?v=ytdsNg5G668,Binary Tree Right Side View || Binary Tree Left Side view || With code || Interview Problem,tree |depth-first-search |breadth-first-search |binary-tree |
https://www.youtube.com/watch?v=ytdsNg5G668,Binary Tree Right Side View || Binary Tree Left Side view || With code || Interview Problem,tree |depth-first-search |breadth-first-search |binary-tree |
https://www.youtube.com/watch?v=a2enr5iV150,"Leetcode Weekly Contest 196 || Problem 1502 , 1503 || LEETCODE",
https://www.youtube.com/watch?v=a2enr5iV150,"Leetcode Weekly Contest 196 || Problem 1502 , 1503 || LEETCODE",
https://www.youtube.com/watch?v=a2enr5iV150,"Leetcode Weekly Contest 196 || Problem 1502 , 1503 || LEETCODE",
https://www.youtube.com/watch?v=oPV58JzVfS4,Combination Sum IV || Dynamic Programming Interview Series || Leetcode,array |dynamic-programming |
https://www.youtube.com/watch?v=oPV58JzVfS4,Combination Sum IV || Dynamic Programming Interview Series || Leetcode,array |dynamic-programming |
https://www.youtube.com/watch?v=72VxHrWPcTc,Private video,
https://www.youtube.com/watch?v=72VxHrWPcTc,Private video,
https://www.youtube.com/watch?v=7tGMi35osZg,"Biweekly Contest 30 || Problem 1507 , 1508 , 1509 || LEETCODE",
https://www.youtube.com/watch?v=7tGMi35osZg,"Biweekly Contest 30 || Problem 1507 , 1508 , 1509 || LEETCODE",
https://www.youtube.com/watch?v=pmx61Q_svFQ,Stone Game IV || Biweekly Contest 30 || GAME THEORY || DYNAMIC PROGRAMMING || LEETCODE,
https://www.youtube.com/watch?v=pmx61Q_svFQ,Stone Game IV || Biweekly Contest 30 || GAME THEORY || DYNAMIC PROGRAMMING || LEETCODE,
https://www.youtube.com/watch?v=twhTbBHrsDo,Reverse Bits || July LeetCoding Challenge || DAY 12 || LEETCODE,
https://www.youtube.com/watch?v=twhTbBHrsDo,Reverse Bits || July LeetCoding Challenge || DAY 12 || LEETCODE,
https://www.youtube.com/watch?v=hSI4hXHOPpY,"Biweekly Contest 31 || PROBLEM 1523 , 1524 , 1525 , 1526 ||LEETCODE",
https://www.youtube.com/watch?v=c6MJSqfEQ94,"Weekly Contest 199 || PROBLEM - 1528 , 1529 , 1530 || LEETCODE",
https://www.youtube.com/watch?v=CZdG83-Nt0s,Predict the Winner || LEETCODE 486 || LEETCODE DYNAMIC PROGRAMMING || GAME THEORY,array |math |dynamic-programming |recursion |game-theory |
https://www.youtube.com/watch?v=dQYGGO3Qyzk,"Biweekly Contest 32 || PROBLEM 1539 , 1540 , 1541 || LEETCODE",
https://www.youtube.com/watch?v=YerfZ-5h1Aw,"Weekly Contest 201 || PROBLEM 1544 , 1545 , 1546 , || LEETCODE",
https://www.youtube.com/watch?v=wigIqerF9h4,"Weekly Contest 202 || PROBLEM 1550 , 1551 , 1552 , 15553 || LEETCODE",
https://www.youtube.com/watch?v=yO0VKAlzlVg,"Biweekly Contest 33 || PROBLEM 1556 , 1557, 1558 , 1559 || LEETCODE",
https://www.youtube.com/watch?v=ZJFP49Tholc,"Leetcode Weekly Contest 203 || PROBELM 1560 , 1561 , 1562 || LEETCODE",
https://www.youtube.com/watch?v=2lb0qFs-cRg,"Biweekly Contest 34 || Problem 1572 , 1573 , 1574 || LEETCODE",
https://www.youtube.com/watch?v=0NRDfkLyyE8,Count All Possible Routes || Biweekly Contest 34 || LEETCODE,
https://www.youtube.com/watch?v=dGS3WKHbx70,"Weekly Contest 205 || Problem 1576 , 1577 , 1578 || LEETCODE",
https://www.youtube.com/watch?v=5Cv_G5pPCzA,Remove Max Number of Edges to Keep Graph Fully Traversable || Weekly Contest 205 || LEETCODE,
https://www.youtube.com/watch?v=KZYTXiax7nQ,"Leetcode Biweekly Contest 35 | Leetcode Problem 1588 , 1589 , 1590 | LEETCODE",
https://www.youtube.com/watch?v=CFTQIXPjzgc,"Leetcode Weekly Contest 207 | Problem : 1592 , 1593 , 1594 | LEETCODE",
https://www.youtube.com/watch?v=PY9fKQXFYTE,Private video,
https://www.youtube.com/watch?v=4lG_rRTDPKk,"Biweekly Contest 36 | PROBLEM 1603 , 1604 , 1605 | LEETCODE",
https://www.youtube.com/watch?v=88mGJqbnPVw,992. Subarrays with K Different Integers | LEETCODE HARD | LEETCODE,array |hash-table |sliding-window |counting |
https://www.youtube.com/watch?v=kiHpKTfovRY,974. Subarray Sums Divisible by K | LEETCODE MEDIUM | LEETCODE,array |hash-table |prefix-sum |
https://www.youtube.com/watch?v=cZlHLMxIOMI,329. Longest Increasing Path in a Matrix | LEETCODE HARD | LEETCODE | Dynamic Programming Series,array |dynamic-programming |depth-first-search |breadth-first-search |graph |topological-sort |memoization |matrix |
https://www.youtube.com/watch?v=YI16UeQtao8,704. Binary Search | Binary Search Playlist | Leetcode Easy | LEETCODE,array |binary-search |
https://www.youtube.com/watch?v=TZQMVtNg2rI,367. Valid Perfect Square | Binary Search Series | Leetcode Easy | LEETCODE,math |binary-search |
https://www.youtube.com/watch?v=YgjqI9dSIeU,278. First Bad Version | Binary Search Series | Leetcode Easy | LEETCODE,binary-search |interactive |
https://www.youtube.com/watch?v=ABMuLKv30qo,1011. Capacity To Ship Packages Within D Days | Binary Search Series | Leetcode Medium | LEETCODE,array |binary-search |
https://www.youtube.com/watch?v=UmuW0C4eFYg,875. Koko Eating Bananas | Binary Search Series | Leetcode Medium | LEETCODE,array |binary-search |
https://www.youtube.com/watch?v=pzeIThtobsM,1482. Minimum Number of Days to Make m Bouquets | Binary Search Series | Leetcode Medium | LEETCODE,array |binary-search |
https://www.youtube.com/watch?v=GEt91JLW5T4,"Leetcode Weekly Contest 208 | PROBLEM : 1598 , 1599 , 1600 | LEETCODE",
https://www.youtube.com/watch?v=sdxZXKlTxCM,"Leetcode Weekly Contest 210 | PROBLEM 1614 , 1615 , 1616 | LEETCODE",
https://www.youtube.com/watch?v=rStVWdt-OwY,778. Swim in Rising Water | Leetcode HARD Problem | Binary Search Series | LEETCODE,array |binary-search |depth-first-search |breadth-first-search |union-find |heap-priority-queue |matrix |
https://www.youtube.com/watch?v=nYjriZ-nBtw,410. Split Array Largest Sum | Leetcode HARD Problem | Binary Search Series | LEETCODE,array |binary-search |dynamic-programming |greedy |
https://www.youtube.com/watch?v=ym93rTBR4j8,719. Find K-th Smallest Pair Distance | Leetcode HARD | Binary Search Series | LEETCODE,array |two-pointers |binary-search |sorting |
https://www.youtube.com/watch?v=qOUwtPIIhEU,205. Isomorphic Strings | Leetcode Easy | Hash Table Series | LEETCODE,hash-table |string |
https://www.youtube.com/watch?v=-_FT_TEhzmY,1365. How Many Numbers Are Smaller Than the Current Number | Leetcode Easy | Binary Search Series,array |hash-table |sorting |counting |
https://www.youtube.com/watch?v=qvQSvQaY9KI,1512. Number of Good Pairs | Leetcode Easy | Hash Table Series | LEETCODE,hash-table |string |
https://www.youtube.com/watch?v=lrEz_oYQv6E,771. Jewels and Stones | Leetcode Easy | Hash Table Series | LEETCODE,hash-table |string |
https://www.youtube.com/watch?v=B29hS-VuqVI,1621. Number of Sets of K Non-Overlapping Line Segments | Leetcode biweekly contest 37 | LEETCODE,
https://www.youtube.com/watch?v=mg6bspzSEH4,Leetcode Weekly Contest 143 || Path In Zigzag Labelled Binary Tree || Code explaination,
https://www.youtube.com/watch?v=vpxFvr-5hJQ,6 Adding Two Negabinary Numbers || Weekly Contest 139 || Leetcode,
https://www.youtube.com/watch?v=dEKZx0uAep8,1071. Greatest Common Divisor of Strings || Weekly Contest 139 || Leetcode ||Weekly contest,
https://www.youtube.com/watch?v=pGfvOfb4eSQ,1048. Longest String Chain || Weekly Contest 137 || logic explain,
https://www.youtube.com/watch?v=1qkqRFPw3cE,"Biweekly Contest 38 | Problem 1636 , 1637 , 1638 | LEETCODE",
https://www.youtube.com/watch?v=xrozg2SQpVA,1631. Path With Minimum Effort | Binary Search Playlist | Leetcode Weekly contest 212 | LEETCODE,
https://www.youtube.com/watch?v=mB24wDI0Bp0,1402. Reducing Dishes | LEETCODE HARD | LEETCODE,
https://www.youtube.com/watch?v=8mpkUKCuVP8,"Weekly Contest 215 | Problem 1656 , 1657 , 1658 | LEETCODE",
https://www.youtube.com/watch?v=JIBfKrGVF6I,315. Count of Smaller Numbers After Self | LEETCODE HARD | BINARY SEARCH TREE | LEETCODE,
https://www.youtube.com/watch?v=SzwlyhENzN4,"Biweekly Contest 40 | PROBLEM 1668 , 1669 , 1670 | LEETCODE",
https://www.youtube.com/watch?v=DJQKoKKkVS8,Biweekly Contest 42 | Number of Students Unable to Eat Lunch | Maximum Binary String After Change,
https://www.youtube.com/watch?v=A-Mc_0WsoaM,55. Jump Game | 45. Jump Game II | 1306. Jump Game III | LEETCODE MEDIUM | HARD | BITS PILANI,array |dynamic-programming |greedy |
https://www.youtube.com/watch?v=35PczqJs4Og,"Leetcode Weekly Contest 225 | PROBLEM 1736 , 1737 | BITS PILANI",
https://www.youtube.com/watch?v=Gu-kEf2FXn0,1463. Cherry Pickup II | LEETCODE HARD | DYNAMIC PROGRAMMING | BITS PILANI,array |dynamic-programming |matrix |
https://www.youtube.com/watch?v=N913Vsbfiws,1289. Minimum Falling Path Sum II | LEETCODE HARD | DYNAMIC PROGRAMMING | BITS PILANI,array |dynamic-programming |matrix |
https://www.youtube.com/watch?v=HdZYFiz2exE,763. Partition Labels | LEETCODE MEDIUM | GREEDY | BITS PILANI,hash-table |two-pointers |string |greedy |
https://www.youtube.com/watch?v=3_yP9ouMjxE,1400. Construct K Palindrome Strings | LEETCODE MEDIUM | GREEDY | BITS PILANI,hash-table |string |greedy |counting |
https://www.youtube.com/watch?v=xoXUbERcdd4,1338. Reduce Array Size to The Half | LEETCODE MEDIUM | GREEDY | BITS PILANI,array |hash-table |greedy |sorting |heap-priority-queue |
https://www.youtube.com/watch?v=dAhk7gqMRs0,"Leetcode Biweekly Contest 45 | PROBLEM 1748 , 1749 , 1750 | LEETCODE | BITS PILANI",
https://www.youtube.com/watch?v=O3Duou0TA8o,"Leetcode Weekly Contest 227 | PROBLEM 1752 , 1753 , 1754 | Leetcode | BITS PILANI",
https://www.youtube.com/watch?v=QAvsjaYZ5Z0,Leetcode Weekly Contest 229 | LEETCODE WEEKLY | CODE EXPLAINER,
https://www.youtube.com/watch?v=G40AIdhGGVM,Leetcode Weekly Contest 230 | Count Items Matching a Rule | Closest Dessert Cost,
https://www.youtube.com/watch?v=3D6sLaUgnAA,"Leetcode Biweekly Contest 47 | Problem 1779 , 1780 , 1781 | LEETCODE BIWEEKLY",
https://www.youtube.com/watch?v=HuseLrlJIuU,"Leetcode Weekly Contest 232 | PROBLEM 1790 , 1791, 1792 | LEETCODE",
https://www.youtube.com/watch?v=70z2l7SlMS0,1332. Remove Palindromic Subsequences | LEETCODE EASY | GREEDY | CODE EXPLAINER,two-pointers |string |
https://www.youtube.com/watch?v=zMbHZnWZGGE,535. Encode and Decode TinyURL | LEETCODE MEDIUM | HASHMAP | CODE EXPLAINER,hash-table |string |design |hash-function |
https://www.youtube.com/watch?v=RzYKVMqze7g,"Leetcode Biweekly Contest 48 | PROBLEM 1796, 1797, 1798 | LEETCODE",
https://www.youtube.com/watch?v=Hvbjx9AUX9Y,1368. Minimum Cost to Make at Least One Valid Path in a Grid | DYNAMIC PROGRAMMING | LEETCODE,array |breadth-first-search |graph |heap-priority-queue |matrix |shortest-path |
https://www.youtube.com/watch?v=tLhfzpDs51s,"Leetcode Biweekly Contest 49| Problem 1812 , 1813 , 1814 | LEETCODE | CODE EXPLAINER",
https://www.youtube.com/watch?v=VIbaPmsRzCs,632. Smallest Range Covering Elements from K Lists | LEETCODE 632 | LEETCODE HARD | CODE EXPLAINER,array |hash-table |greedy |sliding-window |sorting |heap-priority-queue |
https://www.youtube.com/watch?v=ZYJDCcKnwag,1819. Number of Different Subsequences GCDs | LEETCODE WEEKLY CONTEST 235 | LEETCODE HARD,
https://www.youtube.com/watch?v=Ifap4R4HTHQ,"Leetcode Biweekly Contest 50 | Problem 1827 , 1828 , 1829 | LEETCODE",
https://www.youtube.com/watch?v=L8DDTF9LkKY,1255. Maximum Score Words Formed by Letters | LEETCODE HARD | LEETCODE | BIT MANIPILATION,array |string |dynamic-programming |backtracking |bit-manipulation |bitmask |
https://www.youtube.com/watch?v=Y1egnB4rTrk,"Leetcode Weekly Contest 238 | Problem 1837 , 1838 , 1839 | Leetcode | CODE EXPLAINER",
https://www.youtube.com/watch?v=1UDVG892LgA,701. Insert into a Binary Search Tree | LEETCODE MEDIUM | BINARY SEARCH TREE | CODE EXPLAINER,tree |binary-search-tree |binary-tree |
https://www.youtube.com/watch?v=vJ16HT6-pmg,1315. Sum of Nodes with Even-Valued Grandparent | BINARY TREE | LEETCODE MEDIUM | CODE EXPLAINER,tree |depth-first-search |breadth-first-search |binary-tree |
https://www.youtube.com/watch?v=MKpHXC5rSK0,1302. Deepest Leaves Sum | LEETCODE MEDIUM | LEETCODE TREES | CODE EXPLAINER,tree |depth-first-search |breadth-first-search |binary-tree |
https://www.youtube.com/watch?v=55aDH-wLstU,1038. Binary Search Tree to Greater Sum Tree | LEETCODE MEDIUM | LEETCODE TREE | CODE EXPLAINER,tree |depth-first-search |binary-search-tree |binary-tree |
https://www.youtube.com/watch?v=QKU9TcBUSBc,1026. Maximum Difference Between Node and Ancestor | LEETCODE MEDIUM | BINARY TREE | CODE EXPLAINER,tree |depth-first-search |binary-tree |
https://www.youtube.com/watch?v=MvLEIQv4E6s,979. Distribute Coins in Binary Tree | LEETCODE MEDIUM | BINARY TREE | CODE EXPLAINER,tree |depth-first-search |binary-tree |
https://www.youtube.com/watch?v=2RxD2GTzMLw,1314. Matrix Block Sum | LEETCODE MEDIUM | DYNAMIC PROGRAMMING | CODE EXPLAINER,array |matrix |prefix-sum |
https://www.youtube.com/watch?v=UEaBkGip6CY,1640. Check Array Formation Through Concatenation | LEETCODE EASY | LEETCODE WEEKLY CONTEST 213,
https://www.youtube.com/watch?v=RwMi8FJjbfo,Leetcode Biweekly Contest 51 | Closest Room | Seat Reservation Manager | LEETCODE | CODE EXPLAINER,
https://www.youtube.com/watch?v=r-8PIRfVP7s,203. Remove Linked List Elements | LEETCODE | IMPORTANT INTERVIEW PROBLEM | LINKED LIST,linked-list |recursion |
https://www.youtube.com/watch?v=xSKE5A_dltI,Private video,
https://www.youtube.com/watch?v=JUyiLNo2Z1w,1706. Where Will the Ball Fall | LEETCODE MEDIUM | DFS | DYNAMIC PROGRAMMING | CODE EXPLAINER,array |dynamic-programming |depth-first-search |matrix |simulation |
https://www.youtube.com/watch?v=Rx38WZZcg08,83. Remove Duplicates from Sorted List | LEETCODE | LINKED LIST | INTERVIEW PROBLEM,linked-list |
https://www.youtube.com/watch?v=MvnyJCA28JQ,413. Arithmetic Slices | LEETCODE MEDIUM | 2 POINTER | LEETCODE | CODE EXPLAINER,array |dynamic-programming |
https://www.youtube.com/watch?v=g-XDf-O_6tI,"Leetcode Biweekly Contest 52 | Problem 1859 , 1860 , 1861 | LEETCODE",
https://www.youtube.com/watch?v=h328t7WGOl4,1869. Longer Contiguous Segments of Ones than Zeros | Leetcode Weekly Contest 242 | LEETCODE,
https://www.youtube.com/watch?v=aYY3BzUaYU0,1870. Minimum Speed to Arrive on Time | LEETCODE WEEKLY CONTEST 242 | LEETCODE,
https://www.youtube.com/watch?v=fQFDk27youg,1872. Stone Game VIII | LEETCODE WEEKLY CONTEST 242 | DYNAMIC PROGRAMMING | LEETCODE,
https://www.youtube.com/watch?v=HESULb08WdU,997. Find the Town Judge | LEETCODE | GRAPH SERIES | INDEGREE AND OUTDEGREE OF GRAPH,array |hash-table |graph |
https://www.youtube.com/watch?v=y0ogte1z9Pc,785. Is Graph Bipartite? | LEETCODE | GRAPH SERIES,depth-first-search |breadth-first-search |union-find |graph |
https://www.youtube.com/watch?v=FEmPL0pL-NM,937. Reorder Data in Log Files | LEETCODE EASY | LEETCODE STRING PARSING,array |string |sorting |
https://www.youtube.com/watch?v=FLe4QTG7URM,684. Redundant Connection | FIND GRAPH IS A TREE ? | LEETCODE MEDIUM,depth-first-search |breadth-first-search |union-find |graph |
https://www.youtube.com/watch?v=rxF7LLA0nTg,"Leetcode Biweekly Contest 20 | Leetcode Problem 1356 , 1357, 1358, 1359 | Dynamic programming",
https://www.youtube.com/watch?v=TU0ycAw_jWc,"Leetcode Biweekly Contest 53 | Leetcode Problem 1876 , 1877, 1878 | LEETCODE",
https://www.youtube.com/watch?v=UP_qI11IRAA,1312. Minimum Insertion Steps to Make a String Palindrome | LEETCODE HARD | DYNAMIC PROGRAMMING,string |dynamic-programming |
https://www.youtube.com/watch?v=3PSRgAu-TTA,"Leetcode Weekly Contest 244 | PROBLEM 1886 , 1887 , 1889 | STRING MANUPILATION | LEETCODE",
https://www.youtube.com/watch?v=Lm6WwIR4Ymw,1884. Egg Drop With 2 Eggs and N Floors | LEETCODE | DYNAMIC PROGRAMMING | INTERVIEW QUESTION,math |dynamic-programming |
https://www.youtube.com/watch?v=b8kDD2ct1OE,1048. Longest String Chain | Leetcode Dynamic Programming | LEETCODE,array |hash-table |two-pointers |string |dynamic-programming |
https://www.youtube.com/watch?v=GiBQHnp3wfk,"Leetcode Weekly Contest 245 | PROBLEMS : 1897 , 1898 , 1899 | LEETCODE",
https://www.youtube.com/watch?v=s4zmV54zouc,120. Triangle | LEETCODE DYNAMIC PROGRAMMING | LEETCODE MEDIUM | CODE EXPLAINER,array |dynamic-programming |
https://www.youtube.com/watch?v=leXzhMU_KlU,494. Target Sum | LEETCODE DYNAMIC PROGRAMMING | LEETCODE MEDIUM | CODE EXPLAINER,array |dynamic-programming |backtracking |
https://www.youtube.com/watch?v=W_FAPjvBOVA,"Leetcode Weekly Contest 246 | PROBLEM 1903 , 1904 , 1905 | LEETCODE SOLUTION | CODE EXPLAINER",
https://www.youtube.com/watch?v=ofLNGwUFkys,1689. Partitioning Into Minimum Number Of Deci-Binary Numbers | Leetcode Medium | CODE EXPLAINER,string |greedy |
https://www.youtube.com/watch?v=wu6WKaHQpU0,1379. Find a Corresponding Node of a Binary Tree in a Clone of That Tree | Leetcode Medium,tree |depth-first-search |breadth-first-search |binary-tree |
https://www.youtube.com/watch?v=COiE-PQqf28,950. Reveal Cards In Increasing Order | Leetcode Medium | CODE EXPLAINER,array |queue |sorting |simulation |
https://www.youtube.com/watch?v=HiuoGkBMJdc,565. Array Nesting | LEETCODE MEDIUM | DFS | CODE EXPLAINER,array |depth-first-search |
https://www.youtube.com/watch?v=ktxdRqB4Ymg,1047. Remove All Adjacent Duplicates In String | LEETCODE EASY | STACK | CODE EXPLAINER,string |stack |
https://www.youtube.com/watch?v=Y8_WxLKYQ6Q,149. Max Points on a Line | LEETCODE HARD | GEOMETRY | CODE EXPLAINER,array |hash-table |math |geometry |
https://www.youtube.com/watch?v=zezIoRcYTAs,904. Fruit Into Baskets | LEETCODE MEDIUM | GOOGLE INTERVIEW PROBLEM | CODE EXPLAINER,array |hash-table |sliding-window |
https://www.youtube.com/watch?v=nZAwYJiB5j0,"Leetcode Weekly Contest 248 | PROBLEM 1920 , 1921 , 1922 | LEETCODE | CODE EXPLAINER",
https://www.youtube.com/watch?v=GGN0w9XlxMY,"LEETCODE BIWEEKLY CONTEST 56 | PROBLEM 1925 , 1926, 1927 | LEETCODE | CODE EXPLAIENR",
https://www.youtube.com/watch?v=aJe_FmsVx3c,"Leetcode Biweekly Contest 57 | PROBLEM 1941 , 1942 , 1943 | LEETCODE | CODE EXPLAINER",
https://www.youtube.com/watch?v=HIAP_rsJTj4,"Leetcode Weekly Contest 251 | | PROBLEM 1945, 1946, 1947 | LEETCODE",
https://www.youtube.com/watch?v=472X1S4_YXI,"Leetcode Weekly Contest 253 | Problem 1964 , 1965, 1966 | LEETCODE",
https://www.youtube.com/watch?v=RFqP-MSdLW8,"Leetcode biweekly Contest 58 | Problem 1957 , 1958 | LEETCODE",
https://www.youtube.com/watch?v=xXrN_bF77mo,101. Symmetric Tree | LEETCODE INTERVIEW PROBLEM | LEETCODE | BINARY TREE,tree |depth-first-search |breadth-first-search |binary-tree |
https://www.youtube.com/watch?v=HkrBz2Kb3RE,283. Move Zeroes | LEETCODE INTERVIEW CORNER | LEETCODE | 2 POINTER,array |two-pointers |
https://www.youtube.com/watch?v=2SrjHDxWMlI,234. Palindrome Linked List | LEETCODE INTERVIEW CORNER | LINKED LIST,linked-list |two-pointers |stack |recursion |
https://www.youtube.com/watch?v=s4s6Zt2fKh8,1351. Count Negative Numbers in a Sorted Matrix | LEETCODE EASY | UPPER_BOUND C++,array |binary-search |matrix |
https://www.youtube.com/watch?v=m6kZanBTHo0,832. Flipping an Image | LEETCODE EASY | CODE EXPLAINER,array |two-pointers |matrix |simulation |
https://www.youtube.com/watch?v=qNWmXgPKXDY,1221. Split a String in Balanced Strings | 1720. Decode XORed Array | LEETCODE,string |greedy |counting |
https://www.youtube.com/watch?v=vbA6cfEqd90,"LEETCODE Weekly Contest 254 | PROBLEM 1967 , 1968 , 1969 | LEETCODE",
https://www.youtube.com/watch?v=pnDMdRsidL8,"Leetcode Biweekly Contest 59 | PROBLEM 1974, 1975 | LEETCODE | GREEDY",
https://www.youtube.com/watch?v=K2bLWZ9ZDRA,222. Count Complete Tree Nodes | LEETCODE | BINARY TREE | CODE EXPLAINER,binary-search |tree |depth-first-search |binary-tree |
https://www.youtube.com/watch?v=hJZuYCBRm3M,"Leetcode Weekly Contest 255 | LEETCODE PROBLEM 1979 , 1980 | LEETCODE",
https://www.youtube.com/watch?v=FPbwSphLrkI,743. Network Delay Time | LEETCODE | DIJKSTRA ALGORITHM | CODE EXPLAINER,depth-first-search |breadth-first-search |graph |heap-priority-queue |shortest-path |
https://www.youtube.com/watch?v=28etTEgI404,463 Island Perimeter | Leetcode Easy | Interview Practice | Code Explainer,array |depth-first-search |breadth-first-search |matrix |
https://www.youtube.com/watch?v=35-3Aw5r0gY,404 Sum of Left Leaves | Leetcode Easy | Leetcode Tree | Code Explainer,tree |depth-first-search |breadth-first-search |binary-tree |
https://www.youtube.com/watch?v=sOfJHJH0M7M,387 First Unique Character in a String | Leetcode Easy | Leetcode String | Code Explainer,hash-table |string |queue |counting |
https://www.youtube.com/watch?v=8LDbrlZ7834,14 Longest Common Prefix | Leetcode Easy | Leetcode String | Code Explainer,string |
https://www.youtube.com/watch?v=zvMAneseUGw,Leetcode Biweekly Contest 60 | Find the Middle Index in Array | Find All Groups of Farmland,
https://www.youtube.com/watch?v=gQpeR_O405g,1137. N-th Tribonacci Number | LEETCODE EASY | DYNAMIC PROGRAMMING | CODE EXPLAINER,math |dynamic-programming |memoization |
https://www.youtube.com/watch?v=pDXCQ9GFtJo,70. Climbing Stairs | LEETCODE EASY | DYNAMIC PROGRAMMING | CODE EXPLAINER,math |dynamic-programming |memoization |
https://www.youtube.com/watch?v=a5uTA1kJsa4,746. Min Cost Climbing Stairs | LEETCODE EASY | DYNAMIC PROGRAMMING | CODE EXPLAINER,array |dynamic-programming |
https://www.youtube.com/watch?v=ZFKRSzbEHnM,740. Delete and Earn | LEETCODE MEDIUM | DYNAMIC PROGRAMMING | CODE EXPLAINER,array |hash-table |dynamic-programming |
https://www.youtube.com/watch?v=acZLDtayXlU,1014. Best Sightseeing Pair | LEETCODE MEDIUM | DYNAMIC PROGRAMMING | CODE EXPLAINER,array |dynamic-programming |
https://www.youtube.com/watch?v=np1tSnaYG10,91. Decode Ways | LEETCODE MEDIUM | DYNAMIC PROGRAMMING | CODE EXPLAINER,string |dynamic-programming |
https://www.youtube.com/watch?v=WtrjB37NsG4,135. Candy | LEETCODE HARD | LEETCODE | DYNAMIC PROGRAMMING | CODE EXPLAINER,array |greedy |
https://www.youtube.com/watch?v=pPsuzQ_NIX0,115. Distinct Subsequences | LEETCODE HARD | DYNAMIC PROGRAMMING | CODE EXPLAINER,string |dynamic-programming |
https://www.youtube.com/watch?v=v2cXyhmU-po,11. Container With Most Water | LEETCODE MEDIUM | LEETCODE | CODE EXPLAINER,array |two-pointers |greedy |
https://www.youtube.com/watch?v=OjMN7uRIxeM,97. Interleaving String | LEETCODE MEDIUM | DYNAMIC PROGRAMMING | CODE EXPLAINER,string |dynamic-programming |
https://www.youtube.com/watch?v=jlAzgY8ZXik,129. Sum Root to Leaf Numbers | LEETCODE BINARY TREE | LEETCODE MEDIUM | CODE EXPLAINER,tree |depth-first-search |binary-tree |
https://www.youtube.com/watch?v=wwK4lKPa0lY,93. Restore IP Addresses | LEETCODE BACKTRACKING | LEETCODE MEDIUM | CODE EXPLAINER,string |backtracking |
https://www.youtube.com/watch?v=edbAZUvbPbc,2047. Number of Valid Words in a Sentence | LEETCODE WEEKLY CONTEST 264 | CODE EXPLAINER,
https://www.youtube.com/watch?v=DQbfHqzgasU,2054. Two Best Non-Overlapping Events | LEETCODE BIWEEKLY CONTEST 64 | LEETCODE,
https://www.youtube.com/watch?v=G0Sy71_lBAw,2055. Plates Between Candles | LEETCODE BIWEEKLY CONTEST 64 | LEETCODE | CODE EXPLAINER,
https://www.youtube.com/watch?v=bS812DRg6ds,Count Fertile Pyramids in a Land | LEETCODE Biweekly Contest 66 | LEETCODE HARD | CODE EXPLAINER,
https://www.youtube.com/watch?v=il_J2dVjyo8,"Leetcode Weekly Contest 269 | LEETCODE PROBLEM 2089 , 2090 , 2091 | LEETCODE | CODE EXPLAINER",
https://www.youtube.com/watch?v=2101sEZ3EmI,Find All People With Secret | Leetcode Weekly Contest 269 | GRAPH | BFS | CODE EXPLAINER,
https://www.youtube.com/watch?v=-hINmwP6MnU,"Leetcode Weekly Contest 270 | PROBLEM 2094, 2095, 2096 | LEETCODE | CODE EXPLAINER",
https://www.youtube.com/watch?v=Nemwgo7eta0,1311. Get Watched Videos by Your Friends | LEETCODE MEDIUM | GRAPH | BFS | CODE EXPLAINER,array |hash-table |breadth-first-search |sorting |
https://www.youtube.com/watch?v=GFj20l9WIh4,1267. Count Servers that Communicate | LEETCODE MEDIUM | FREQUENCY MAP | CODE EXPLAINER,array |depth-first-search |breadth-first-search |union-find |matrix |counting |
https://www.youtube.com/watch?v=6JjoAaJ1qmA,LEETCODE Biweekly Contest 67 | LEETCODE | DFS | PREFIX-SUFFIX | CODE EXPLAINER,
https://www.youtube.com/watch?v=s3SjCgmegHU,Leetcode Weekly Contest 272 | LEETCODE | AMAZON PAY CONTEST | DYNAMIC PROGRAMMING | CODE EXPLAINER,
https://www.youtube.com/watch?v=yKi8TIZcQoU,"Leetcode Biweekly Contest 68 | LEETCODE PROBLEM 2114, 2115, 2116 | GREEDY | TOPOLOGICAL SORT",
https://www.youtube.com/watch?v=UIQ8hCs_E1M,575. Distribute Candies | EASY PROBLEM | LEETCODE | CODE EXPLAINER,array |hash-table |
https://www.youtube.com/watch?v=dTmYy5yCSX8,349. Intersection of Two Arrays | 350. Intersection of Two Arrays II | EASY | LEETCODE | 2 POINTERS,array |hash-table |two-pointers |binary-search |sorting |
https://www.youtube.com/watch?v=lwUNh7T8TjY,500. Keyboard Row | LEETCODE EASY | BRUTE FORCE | CODE EXPLAINER,array |hash-table |string |
https://www.youtube.com/watch?v=yMnT3WcavFY,108. Convert Sorted Array to Binary Search Tree | LEETCODE EASY | TREE | CODE EXPLAINER,array |divide-and-conquer |tree |binary-search-tree |binary-tree |
https://www.youtube.com/watch?v=lXMy03Mj21M,66. Plus One | LEETCODE EASY | CODE EXPLAINER,array |math |
https://www.youtube.com/watch?v=KKLgWnb0rns,"LEETCODE Weekly Contest 274 | PROBLEM 2124 , 2125, 2126 | GREEDY | CODE EXPLAINER",
https://www.youtube.com/watch?v=eJzXQAJYErQ,"Leetcode Weekly Contest 273 | Problem 2119 , 2120 , 2121 | CONSTRUCTIVE ALGO | CODE EXPLAINER",
https://www.youtube.com/watch?v=9A4Bebss1WQ,628. Maximum Product of Three Numbers | LEETCODE EASY | SORTING | LOGIC,array |math |sorting |
https://www.youtube.com/watch?v=byGL1OtOmP0,697. Degree of an Array | LEETCODE EASY | HASH MAP | ARRAY,array |hash-table |
https://www.youtube.com/watch?v=CCFoiaDUQ2w,"Leetcode Biweekly Contest 70 | PROBLEM 2144 , 2145, 2146 | LEETCODE",
https://www.youtube.com/watch?v=cG3I2FgEnd8,"Leetcode Weekly Contest 277 | PROBLEM : 2148, 2149 , 2150 | SORTING | LOGIC",
https://www.youtube.com/watch?v=3fuMXHkZI9I,877. Stone Game | LEETCODE DYNAMIC PROGRAMMING | INTERVIEW PROBLEM,array |math |dynamic-programming |game-theory |
https://www.youtube.com/watch?v=2NGFucebfDk,316. Remove Duplicate Letters | Leetcode Medium | STRINGS | GREEDY | CODE EXPLAINER,string |stack |greedy |monotonic-stack |
https://www.youtube.com/watch?v=jkY7wF3gxIQ,355. Design Twitter | LEETCODE MEDIUM | HASH TABLE | DESIGN | DATA STRUCTURES,hash-table |linked-list |design |heap-priority-queue |
https://www.youtube.com/watch?v=WO3A3S-9gWA,1345. Jump Game IV | LEETCODE HARD | DYNAMIC PROGRAMMING | BFS,array |hash-table |breadth-first-search |
https://www.youtube.com/watch?v=oJ5leqo6vjg,931. Minimum Falling Path Sum | LEETCODE MEDIUM | DYNAMIC PROGRAMMING,array |dynamic-programming |matrix |
https://www.youtube.com/watch?v=S7G1VcdXgqo,1388. Pizza With 3n Slices | LEETCODE HARD | DYNAMIC PROGRAMMING,array |dynamic-programming |greedy |heap-priority-queue |
https://www.youtube.com/watch?v=CEEjk2QrDdY,"Biweekly Contest 71 | PROBLEM 2160 , 2161, 2162 | MATHS | GREEDY",
https://www.youtube.com/watch?v=3E6myDNC49I,"N-arry tree Preorder , Postorder & Level Order Traversal | Leetcode 589 , 590, 429",stack |tree |depth-first-search |
https://www.youtube.com/watch?v=loXX-vFVMYg,973. K Closest Points to Origin | LEETCODE MEDIUM | INTERVIEW PROBLEM | SORTING,array |math |divide-and-conquer |geometry |sorting |heap-priority-queue |quickselect |
https://www.youtube.com/watch?v=pD1NLRW6N9Y,929. Unique Email Addresses | LEETCODE EASY | LOGIC | INTERVIEW PROBLEM,array |hash-table |string |
https://www.youtube.com/watch?v=Q89VSx_BwdQ,1288. Remove Covered Intervals | LEETCODE | SORTING,array |sorting |
https://www.youtube.com/watch?v=1m5WjCg2cKA,"Weekly Contest 281 | PROBLEM 2180 , 2181, 2182 | LINKED LIST | GREEDY",
https://www.youtube.com/watch?v=pdhZaEe6SSk,"LEETCODE Weekly Contest 288 | PROBLEM 2331 , 2332, 2333 | GREEDY | BRUTE FORCE",
https://www.youtube.com/watch?v=uNSdy7-JKtI,9. Palindrome Number | LEETCODE | Top Interview Questions | EASY,math |
https://www.youtube.com/watch?v=jih004Y1Rks,13. Roman to Integer | LEETCODE | Top Interview Questions | EASY,hash-table |math |string |
https://www.youtube.com/watch?v=SxnwaenZ67o,28. Implement strStr() | LEETCODE | Top Interview Questions | EASY,two-pointers |string |string-matching |
https://www.youtube.com/watch?v=p8EkGkUZZgE,69. Sqrt(x) | LEETCODE | Top Interview Questions | EASY,math |binary-search |
https://www.youtube.com/watch?v=UhYX_AgP7LE,"Leetcode Biweekly Contest 77 | PROBLEM 2255 , 2256 , 2257",
https://www.youtube.com/watch?v=qCTLHgTaI8c,"Leetcode Weekly Contest 291 | PROBLEM 2259 , 2260 , 2261",
https://www.youtube.com/watch?v=U_NEgLcJ_oA,2262. Total Appeal of A String | Leetcode Weekly Contest 291 | LEETCODE HARD,
https://www.youtube.com/watch?v=ncBTzCgt3Lw,14. Longest Common Prefix | LEETCODE Top Interview Questions Series Playlist | LEETCODE EASY,string |
https://www.youtube.com/watch?v=DmD5lSYFwjk,26. Remove Duplicates from Sorted Array | Leetcode Top Interview Questions Playlist | LEETCODE EASY,array |two-pointers |
https://www.youtube.com/watch?v=8p8n_QmuDzA,20. Valid Parentheses | LEETCODE Top Interview Questions | LEETCODE EASY,string |stack |
https://www.youtube.com/watch?v=LIkDm1m6Oxk,1. Two Sum | Leetcode Top Interview Questions Playlist | Leetcode EASY,array |hash-table |
https://www.youtube.com/watch?v=Uq6MEiECDqk,412. Fizz Buzz | LEETCODE Top Interview Questions | LEETCODE EASY,math |string |simulation |
https://www.youtube.com/watch?v=kkmAsWKl928,326. Power of Three | LEETCODE Top Interview Questions | LEETCODE EASY,math |recursion |
https://www.youtube.com/watch?v=SbtUtMTkOxI,125. Valid Palindrome | LEETCODE Top Interview Questions | LEETCODE EASY,two-pointers |string |
https://www.youtube.com/watch?v=A8DkU_IX7zU,"Best Time to Buy and Sell Stock II , III , IV || DYNAMIC PROGRAMMING | LEETCODE HARD",array |dynamic-programming |greedy |
https://www.youtube.com/watch?v=uMFzCFF5k-c,1220. Count Vowels Permutation | DYNAMIC PROGRAMMING | LEETCODE HARD,dynamic-programming |
https://www.youtube.com/watch?v=lbEAWQibVDE,1547. Minimum Cost to Cut a Stick | DYNAMIC PROGRAMMING | LEETCODE HARD,array |dynamic-programming |
https://www.youtube.com/watch?v=8bKYXxSqORU,94. Binary Tree Inorder Traversal | LEETCODE EASY | TREE TRAVERSAL,stack |tree |depth-first-search |binary-tree |
https://www.youtube.com/watch?v=-TvagcNhNpo,202. Happy Number | LEETCODE EASY | Top Interview Questions,hash-table |math |two-pointers |
https://www.youtube.com/watch?v=aBNokXaA3HI,171. Excel Sheet Column Number | LEETCODE EASY | MATHS,math |string |
https://www.youtube.com/watch?v=MLCq8rN2EWI,191. Number of 1 Bits | LEETCODE EASY | BITS MANIPULATION,divide-and-conquer |bit-manipulation |
https://www.youtube.com/watch?v=iEZbDcO55C4,"Leetcode Weekly Contest 294 | PROBLEM 2278 , 2279 , 2280 | MATHS | GEOMETRY",
https://www.youtube.com/watch?v=yTuIcDkbyTk,"Leetcode Biweekly Contest 80 | Problem 2299 , 2300 , 2301 , 2302",
https://www.youtube.com/watch?v=cCECUtcgykQ,953. Verifying an Alien Dictionary | LEETCODE EASY | STRINGS,array |hash-table |string |
https://www.youtube.com/watch?v=1eLOIymPCfg,1249. Minimum Remove to Make Valid Parentheses | LEETCODE MEDIUM | STRINGS,string |stack |
https://www.youtube.com/watch?v=7itulUI7uVY,100. Same Tree | LEETCODE EASY| TREE,tree |depth-first-search |breadth-first-search |binary-tree |
https://www.youtube.com/watch?v=36wTBRkj6Ro,292. Nim Game | LEETCODE EASY | GAME THEORY,math |brainteaser |game-theory |
https://www.youtube.com/watch?v=M7a9kDO9qMs,225. Implement Stack using Queues | LEETCODE EASY | TOP INTERVIEW QUESTIONS,stack |design |queue |
https://www.youtube.com/watch?v=IMj2NNCZg2o,461. Hamming Distance | LEETCODE EASY | BITS MANIPULATION,bit-manipulation |
https://www.youtube.com/watch?v=2oZD3GfboFo,455. Assign Cookies | LEETCODE EASY | GREEDY,array |greedy |sorting |
https://www.youtube.com/watch?v=cR3MBOOK0BY,2336. Smallest Number in Infinite Set | LEETCODE MEDIUM | SET,hash-table |design |heap-priority-queue |
https://www.youtube.com/watch?v=36ZpNfDNXMs,"Weekly Contest 302 | PROBLEM 2341 , 2342 , 2343, 2344 | LEETCODE",
